﻿<?xml version="1.0" encoding="utf-8"?>
<AndersonXMLdata>
  <PANEL>
    <PanelLength>600.00</PanelLength>
    <PanelWidth>400.00</PanelWidth>
    <PanelThickness>185</PanelThickness>
  </PANEL>
  <CAD>
    <TypeNo>2</TypeNo>
    <TypeName>Horizontal Hole</TypeName>
    <PlaneID>4</PlaneID>
    <Quadrant>4</Quadrant>
    <X1>50.00</X1>
    <Z1>9.25</Z1>
    <Depth>22.00</Depth>
    <Diameter>12.00</Diameter>
    <HoleNo>2</HoleNo>
    <IntervalX>450.00</IntervalX>
    <IntervalY>0.00</IntervalY>
    <IntervalZ>0</IntervalZ>
    <Mirror>0</Mirror>
  </CAD>
  <CAD>
    <TypeNo>2</TypeNo>
    <TypeName>Horizontal Hole</TypeName>
    <PlaneID>2</PlaneID>
    <Quadrant>4</Quadrant>
    <Y1>50.00</Y1>
    <Z1>9.25</Z1>
    <Depth>22.00</Depth>
    <Diameter>13.00</Diameter>
    <HoleNo>2</HoleNo>
    <IntervalX>0.00</IntervalX>
    <IntervalY>250.00</IntervalY>
    <IntervalZ>0</IntervalZ>
    <Mirror>0</Mirror>
  </CAD>
  <CAD>
    <TypeNo>2</TypeNo>
    <TypeName>Horizontal Hole</TypeName>
    <PlaneID>3</PlaneID>
    <Quadrant>4</Quadrant>
    <X1>100.00</X1>
    <Z1>9.25</Z1>
    <Depth>22.00</Depth>
    <Diameter>14.00</Diameter>
    <HoleNo>2</HoleNo>
    <IntervalX>450.00</IntervalX>
    <IntervalY>0.00</IntervalY>
    <IntervalZ>0</IntervalZ>
    <Mirror>0</Mirror>
  </CAD>
  <CAD>
    <TypeNo>2</TypeNo>
    <TypeName>Horizontal Hole</TypeName>
    <PlaneID>1</PlaneID>
    <Quadrant>2</Quadrant>
    <Y1>100.00</Y1>
    <Z1>9.25</Z1>
    <Depth>22.00</Depth>
    <Diameter>15.00</Diameter>
    <HoleNo>2</HoleNo>
    <IntervalX>0.00</IntervalX>
    <IntervalY>250.00</IntervalY>
    <IntervalZ>0</IntervalZ>
    <Mirror>0</Mirror>
  </CAD>
  <CAD>
    <TypeNo>1</TypeNo>
    <TypeName>Vertical Hole</TypeName>
    <PlaneID>0</PlaneID>
    <Quadrant>1</Quadrant>
    <X1>450.00</X1>
    <Y1>100.00</Y1>
    <Depth>10.00</Depth>
    <Diameter>11.00</Diameter>
    <HoleNo>1</HoleNo>
    <IntervalX>0</IntervalX>
    <IntervalY>0</IntervalY>
    <IntervalZ>0.00</IntervalZ>
    <Mirror>0</Mirror>
  </CAD>
  <CAD>
    <TypeNo>3</TypeNo>
    <TypeName>Saw Line</TypeName>
    <PlaneID>0</PlaneID>
    <Quadrant>1</Quadrant>
    <X1>600.00</X1>
    <Y1>365.00</Y1>
    <Z1>0</Z1>
    <X2>0.00</X2>
    <Y2>365.00</Y2>
    <Z2>0</Z2>
    <Depth>5.00</Depth>
    <Mirror>0</Mirror>
    <UNX>0</UNX>
    <UNY>0</UNY>
    <UNZ>0</UNZ>
    <DownFeed>1000</DownFeed>
    <FeedRate>3000</FeedRate>
    <SpindleSpeed>0</SpindleSpeed>
    <SpindleCW>0</SpindleCW>
    <ToolNo>0</ToolNo>
    <ToolDia>0</ToolDia>
    <MachineType>0</MachineType>
    <CompensationNo>10</CompensationNo>
    <CompensationType>0</CompensationType>
    <SawType>0</SawType>
    <SawEffect>0</SawEffect>
    <GapWidth>10</GapWidth>
  </CAD>
  <CAD>
    <TypeNo>4</TypeNo>
    <TypeName>Router Line</TypeName>
    <PlaneID>0</PlaneID>
    <SequenceNo>1</SequenceNo>
    <Quadrant>1</Quadrant>
    <X1>0.00</X1>
    <Y1>35.00</Y1>
    <Z1>0</Z1>
    <X2>600.00</X2>
    <Y2>35.00</Y2>
    <Z2>0</Z2>
    <Depth>5.00</Depth>
    <StepDepth>5.00</StepDepth>
    <Diameter>0</Diameter>
    <Mirror>0</Mirror>
    <CenterX>0</CenterX>
    <CenterY>0</CenterY>
    <CenterZ>0</CenterZ>
    <StartAngle>0</StartAngle>
    <EndAngle>0</EndAngle>
    <ArcCW>0</ArcCW>
    <DownFeed>1000</DownFeed>
    <FeedRate>3000</FeedRate>
    <SpindleSpeed>16000</SpindleSpeed>
    <SpindleCW>0</SpindleCW>
    <ToolNo>0</ToolNo>
    <ToolDia>11.5</ToolDia>
    <MachineDir>0</MachineDir>
    <CompensationNo>0</CompensationNo>
    <CompensationType>0</CompensationType>
  </CAD>
</AndersonXMLdata>