﻿<?xml version="1.0" encoding="utf-8"?>
<AndersonXMLdata>
  <PANEL>
    <PanelLength>600.00</PanelLength>
    <PanelWidth>400.00</PanelWidth>
    <PanelThickness>185</PanelThickness>
  </PANEL>
  <CAD>
    <TypeNo>1</TypeNo>
    <TypeName>Vertical Hole</TypeName>
    <PlaneID>0</PlaneID>
    <Quadrant>1</Quadrant>
    <X1>450.00</X1>
    <Y1>300.00</Y1>
    <Depth>10.00</Depth>
    <Diameter>16.00</Diameter>
    <HoleNo>1</HoleNo>
    <IntervalX>0</IntervalX>
    <IntervalY>0</IntervalY>
    <IntervalZ>0.00</IntervalZ>
    <Mirror>0</Mirror>
  </CAD>
</AndersonXMLdata>